Date,Market Cap
2023-04-25,1534000000.0
2023-04-24,1534000000.0
2023-04-21,1572000000.0
2023-04-20,1572000000.0
2023-04-19,1572000000.0
2023-04-18,1572000000.0
2023-04-17,1572000000.0
2023-04-14,1572000000.0
2023-04-13,1572000000.0
2023-04-12,1572000000.0
2023-04-11,1532000000.0
2023-04-10,1532000000.0
2023-04-06,1532000000.0
2023-04-05,1559000000.0
2023-04-04,1637000000.0
2023-04-03,1637000000.0
2023-03-31,1448000000.0
2023-03-30,1448000000.0
2023-03-29,1448000000.0
2023-03-28,1448000000.0
2023-03-27,1448000000.0
2023-03-24,1448000000.0
2023-03-23,1759000000.0
2023-03-22,1759000000.0
2023-03-21,1759000000.0
2023-03-20,1697000000.0
2023-03-17,1718000000.0
2023-03-16,1718000000.0
2023-03-15,1748000000.0
2023-03-14,2211000000.0
2023-03-13,2211000000.0
2023-03-10,2211000000.0
2023-03-09,2043000000.0000002
2023-03-08,2043000000.0000002
2023-03-07,1967000000.0
2023-03-06,1967000000.0
2023-03-03,2041999999.9999998
2023-03-02,2132000000.0
2023-03-01,2132000000.0
2023-02-28,2132000000.0
2023-02-27,2132000000.0
2023-02-24,1848000000.0
2023-02-23,2182000000.0
2023-02-22,2182000000.0
2023-02-21,2013999999.9999998
2023-02-17,2013999999.9999998
2023-02-16,2241000000.0
2023-02-15,2241000000.0
2023-02-14,2101000000.0
2023-02-13,2101000000.0
2023-02-10,2101000000.0
2023-02-09,2101000000.0
2023-02-08,2101000000.0
2023-02-07,2101000000.0
2023-02-06,2008000000.0
2023-02-03,2044000000.0
2023-02-02,2044000000.0
2023-02-01,2044000000.0
2023-01-31,2266000000.0
2023-01-30,2087000000.0000002
2023-01-27,1851000000.0
2023-01-26,1851000000.0
2023-01-25,1851000000.0
2023-01-24,1851000000.0
2023-01-23,1892000000.0
2023-01-20,1892000000.0
2023-01-19,1892000000.0
2023-01-18,1892000000.0
2023-01-17,1892000000.0
2023-01-13,1892000000.0
2023-01-12,1943000000.0
2023-01-11,1802000000.0
2023-01-10,1802000000.0
2023-01-09,1865000000.0
2023-01-06,1865000000.0
2023-01-05,1865000000.0
2023-01-04,1811000000.0
2023-01-03,1811000000.0
2022-12-30,1801000000.0
2022-12-29,1801000000.0
2022-12-28,1672000000.0
2022-12-27,1818000000.0
2022-12-23,1776000000.0
2022-12-22,1776000000.0
2022-12-21,1776000000.0
2022-12-20,1661000000.0
2022-12-19,1661000000.0
2022-12-16,1928000000.0
2022-12-15,1928000000.0
2022-12-14,1928000000.0
2022-12-13,1888000000.0
2022-12-12,1820000000.0
2022-12-09,1753000000.0
2022-12-08,1893000000.0
2022-12-07,1893000000.0
2022-12-06,1893000000.0
2022-12-05,1893000000.0
2022-12-02,1893000000.0
2022-12-01,1893000000.0
2022-11-30,1893000000.0
2022-11-29,1974000000.0
2022-11-28,1844000000.0
2022-11-25,1885000000.0
2022-11-17,1882000000.0
2022-11-16,1882000000.0
2022-11-15,1979000000.0
2022-11-14,1979000000.0
2022-11-11,1979000000.0
2022-11-10,1979000000.0
2022-11-09,1653000000.0
2022-11-08,1896000000.0
2022-11-07,1896000000.0
2022-11-04,1896000000.0
2022-11-03,1896000000.0
2022-11-02,1836000000.0
2022-11-01,1836000000.0
2022-10-31,1836000000.0
2022-10-28,1836000000.0
2022-10-27,1837000000.0
2022-10-26,1837000000.0
2022-10-25,1673000000.0
2022-10-24,1673000000.0
2022-10-21,1721000000.0
2022-10-20,1721000000.0
2022-10-19,1721000000.0
2022-10-18,1721000000.0
2022-10-17,1724000000.0
2022-10-14,1724000000.0
2022-10-13,1724000000.0
2022-10-12,1665000000.0
2022-10-11,1840000000.0
2022-10-10,1775000000.0
2022-10-07,1775000000.0
2022-10-06,1775000000.0
2022-10-05,1775000000.0
2022-10-04,1775000000.0
2022-10-03,1872000000.0
2022-09-30,1727000000.0
2022-09-29,1743000000.0
2022-09-28,1743000000.0
2022-09-27,1743000000.0
2022-09-26,1770000000.0
2022-09-23,2028000000.0
2022-09-22,2028000000.0
2022-09-21,1940000000.0
2022-09-20,1940000000.0
2022-09-19,1940000000.0
2022-09-16,1940000000.0
2022-09-15,1940000000.0
2022-09-14,1940000000.0
2022-09-13,1940000000.0
2022-09-12,1933000000.0
2022-09-09,1903000000.0
2022-09-08,1917000000.0
2022-09-07,1917000000.0
2022-09-06,1917000000.0
2022-09-02,1917000000.0
2022-09-01,1917000000.0
2022-08-31,1917000000.0
2022-08-30,1917000000.0
2022-08-29,1876000000.0
2022-08-26,1876000000.0
2022-08-25,1876000000.0
2022-08-24,1922000000.0
2022-08-23,2126999999.9999998
2022-08-22,2126999999.9999998
2022-08-19,2126999999.9999998
2022-08-18,2126999999.9999998
2022-08-17,2126999999.9999998
2022-08-16,2126999999.9999998
2022-08-15,2137000000.0
2022-08-12,2113000000.0
2022-08-11,2113000000.0
2022-08-10,2113000000.0
2022-08-09,2113000000.0
2022-08-08,2113000000.0
2022-08-05,2113000000.0
2022-08-04,2113000000.0
2022-08-03,2113000000.0
2022-08-02,2113000000.0
2022-08-01,2113000000.0
2022-07-29,2113000000.0
2022-07-28,2013000000.0
2022-07-27,2013000000.0
2022-07-26,2013000000.0
2022-07-25,2013000000.0
2022-07-22,2013000000.0
2022-07-21,2013000000.0
2022-07-20,2013000000.0
2022-07-19,2013000000.0
2022-07-18,2013000000.0
2022-07-15,2043000000.0000002
2022-07-14,2043000000.0000002
2022-07-13,2043000000.0000002
2022-07-12,2043000000.0000002
2022-07-11,2043000000.0000002
2022-07-08,2043000000.0000002
2022-07-07,2043000000.0000002
2022-07-06,2059000000.0000002
2022-07-05,2059000000.0000002
2022-07-01,2059000000.0000002
2022-06-30,1975000000.0
2022-06-29,2019000000.0000002
2022-06-28,2019000000.0000002
2022-06-27,2019000000.0000002
2022-06-24,1908000000.0
2022-06-23,1849000000.0
2022-06-22,2063000000.0000002
2022-06-21,2063000000.0000002
2022-06-17,2063000000.0000002
2022-06-16,2063000000.0000002
2022-06-15,2063000000.0000002
2022-06-14,2063000000.0000002
2022-06-13,2063000000.0000002
2022-06-10,2063000000.0000002
2022-06-09,2063000000.0000002
2022-06-08,2063000000.0000002
2022-06-07,2063000000.0000002
2022-06-06,2063000000.0000002
2022-06-03,2063000000.0000002
2022-06-02,2063000000.0000002
2022-06-01,2267000000.0
2022-05-31,2150000000.0
2022-05-27,2150000000.0
2022-05-26,2156000000.0
2022-05-25,2156000000.0
2022-05-24,2159000000.0
2022-05-23,2159000000.0
2022-05-20,2159000000.0
2022-05-19,2390000000.0
2022-05-18,2390000000.0
2022-05-17,2211000000.0
2022-05-16,2211000000.0
2022-05-13,2211000000.0
2022-05-12,2211000000.0
2022-05-11,2211000000.0
2022-05-10,2211000000.0
2022-05-09,2142000000.0
2022-05-06,2239000000.0
2022-05-05,2281000000.0
2022-05-04,2281000000.0
2022-05-03,2281000000.0
2022-05-02,2281000000.0
2022-04-29,2283000000.0
2022-04-28,2334000000.0
2022-04-27,2450000000.0
2022-04-26,2450000000.0
2022-04-25,2450000000.0
2022-04-22,2425000000.0
2022-04-21,2425000000.0
2022-04-20,2425000000.0
2022-04-19,2425000000.0
2022-04-18,2425000000.0
2022-04-14,2391000000.0
2022-04-13,2480000000.0
2022-04-12,2425000000.0
2022-04-11,2458000000.0
2022-04-08,2363000000.0
2022-04-07,2455000000.0
2022-04-06,2455000000.0
2022-04-05,2506000000.0
2022-04-04,2439000000.0
2022-04-01,2650000000.0
2022-03-31,2650000000.0
2022-03-30,2644000000.0
2022-03-29,2768000000.0
2022-03-28,2692000000.0
2022-03-25,2633000000.0
2022-03-24,2639000000.0
2022-03-23,2622000000.0
2022-03-22,2541000000.0
2022-03-21,2541000000.0
2022-03-18,2541000000.0
2022-03-17,2541000000.0
2022-03-16,2541000000.0
2022-03-15,2541000000.0
2022-03-14,2513000000.0
2022-03-11,2513000000.0
2022-03-10,2513000000.0
2022-03-09,2513000000.0
2022-03-08,2647000000.0
2022-03-07,2647000000.0
2022-03-04,2647000000.0
2022-03-03,2647000000.0
2022-03-02,2647000000.0
2022-03-01,2647000000.0
2022-02-28,2647000000.0
2022-02-25,2647000000.0
2022-02-24,2647000000.0
2022-02-23,2647000000.0
2022-02-22,2647000000.0
2022-02-18,2647000000.0
2022-02-17,2650000000.0
2022-02-16,2650000000.0
2022-02-15,2650000000.0
2022-02-14,2650000000.0
2022-02-11,2444000000.0
2022-02-10,2444000000.0
2022-02-09,2444000000.0
2022-02-08,2414000000.0
2022-02-07,2414000000.0
2022-02-04,2414000000.0
2022-02-03,2414000000.0
2022-02-02,2414000000.0
2022-02-01,2414000000.0
2022-01-31,2414000000.0
2022-01-28,2414000000.0
2022-01-27,2369000000.0
2022-01-26,2436000000.0
2022-01-25,2489000000.0
2022-01-24,2700000000.0
2022-01-21,2700000000.0
2022-01-20,2700000000.0
2022-01-19,2700000000.0
2022-01-18,2700000000.0
2022-01-14,2700000000.0
2022-01-13,2700000000.0
2022-01-12,2700000000.0
2022-01-11,2700000000.0
2022-01-10,2389000000.0
2022-01-07,2389000000.0
2022-01-06,2389000000.0
2022-01-05,2389000000.0
2022-01-04,2389000000.0
2022-01-03,2389000000.0
2021-12-31,2389000000.0
2021-12-30,2421000000.0
2021-12-29,2421000000.0
2021-12-28,2260000000.0
2021-12-27,2260000000.0
2021-12-23,2260000000.0
2021-12-22,2486000000.0
2021-12-21,2429000000.0
2021-12-20,2469000000.0
2021-12-17,2469000000.0
2021-12-16,2469000000.0
2021-12-15,2469000000.0
2021-12-14,2469000000.0
2021-12-13,2469000000.0
2021-12-10,2469000000.0
2021-12-09,2610000000.0
2021-12-08,2610000000.0
2021-12-07,2610000000.0
2021-12-06,2610000000.0
2021-12-03,2624000000.0
2021-12-02,2624000000.0
2021-12-01,2624000000.0
2021-11-30,2624000000.0
2021-11-29,2680000000.0
2021-11-26,2607000000.0
2021-11-24,3015000000.0
2021-11-23,3015000000.0
2021-11-22,3015000000.0
2021-11-19,3015000000.0
2021-11-18,3015000000.0
2021-11-17,3015000000.0
2021-11-16,3015000000.0
2021-11-15,3015000000.0
2021-11-12,2906000000.0
2021-11-11,2906000000.0
2021-11-10,2906000000.0
2021-11-09,2906000000.0
2021-11-08,2906000000.0
2021-11-05,2821000000.0
2021-11-04,2821000000.0
2021-11-03,2680000000.0
2021-11-02,2634000000.0
2021-11-01,2748000000.0
2021-10-29,2749000000.0
2021-10-28,2749000000.0
2021-10-27,3039000000.0
2021-10-26,3039000000.0
2021-10-25,3039000000.0
2021-10-22,3048000000.0
2021-10-21,3048000000.0
2021-10-20,3068000000.0
2021-10-19,3068000000.0
2021-10-18,3068000000.0
2021-10-15,3014000000.0
2021-10-14,3014000000.0
2021-10-13,2916000000.0
2021-10-12,2916000000.0
2021-10-11,2916000000.0
2021-10-08,2916000000.0
2021-10-07,2916000000.0
2021-10-06,2879000000.0
2021-10-05,2876000000.0
2021-10-04,2893000000.0
2021-10-01,2893000000.0
2021-09-30,2893000000.0
2021-09-29,2899000000.0
2021-09-28,2899000000.0
2021-09-27,2899000000.0
2021-09-24,2718000000.0
2021-09-23,2715000000.0
2021-09-22,2665000000.0
2021-09-21,2665000000.0
2021-09-20,2665000000.0
2021-09-17,2665000000.0
2021-09-16,2797000000.0
2021-09-15,2797000000.0
2021-09-14,2797000000.0
2021-09-13,2797000000.0
2021-09-10,2814000000.0
2021-09-09,2814000000.0
2021-09-08,2885000000.0
2021-09-07,2732000000.0
2021-09-03,2885000000.0
2021-09-02,2885000000.0
2021-09-01,2891000000.0
2021-08-31,2891000000.0
2021-08-30,2841000000.0
2021-08-27,2861000000.0
2021-08-26,2861000000.0
2021-08-25,2861000000.0
2021-08-24,2861000000.0
2021-08-23,2891000000.0
2021-08-20,2891000000.0
2021-08-19,2891000000.0
2021-08-18,2891000000.0
2021-08-17,2891000000.0
2021-08-16,3015000000.0
2021-08-13,3007000000.0
2021-08-12,3007000000.0
2021-08-11,3029000000.0
2021-08-10,3010000000.0
2021-08-09,3010000000.0
2021-08-06,3004000000.0
2021-08-05,3222000000.0
2021-08-04,3222000000.0
2021-08-03,3222000000.0
2021-08-02,3222000000.0
2021-07-30,3222000000.0
2021-07-29,3222000000.0
2021-07-28,3423000000.0
2021-07-27,3423000000.0
2021-07-26,3423000000.0
2021-07-23,3423000000.0
2021-07-22,3423000000.0
2021-07-21,3437000000.0
2021-07-20,3235000000.0
2021-07-19,3266000000.0
2021-07-16,3266000000.0
2021-07-15,3266000000.0
2021-07-14,3266000000.0
2021-07-13,3266000000.0
2021-07-12,3266000000.0
2021-07-09,3266000000.0
2021-07-08,3411000000.0
2021-07-07,3411000000.0
2021-07-06,3411000000.0
2021-07-02,3411000000.0
2021-07-01,3411000000.0
2021-06-30,3295000000.0
2021-06-29,3292000000.0
2021-06-28,3391000000.0
2021-06-25,3391000000.0
2021-06-24,3362000000.0
2021-06-23,3545000000.0
2021-06-22,3545000000.0
2021-06-21,3545000000.0
2021-06-18,3545000000.0
2021-06-17,3545000000.0
2021-06-16,3545000000.0
2021-06-15,3545000000.0
2021-06-14,3545000000.0
2021-06-11,3603000000.0
2021-06-10,3603000000.0
2021-06-09,3606000000.0
2021-06-08,3531000000.0
2021-06-07,3531000000.0
2021-06-04,3434000000.0
2021-06-03,3444000000.0
2021-06-02,3503000000.0
2021-06-01,3403000000.0
2021-05-28,3349000000.0
2021-05-27,3315000000.0
2021-05-26,3250000000.0
2021-05-25,3335000000.0
2021-05-24,3335000000.0
2021-05-21,3223000000.0
2021-05-20,3223000000.0
2021-05-19,3247000000.0
2021-05-18,3247000000.0
2021-05-17,3213000000.0
2021-05-14,3213000000.0
2021-05-13,3244000000.0
2021-05-12,3244000000.0
2021-05-11,3244000000.0
2021-05-10,3301000000.0
2021-05-07,3259000000.0
2021-05-06,3259000000.0
2021-05-05,3317000000.0
2021-05-04,3307000000.0
2021-05-03,3307000000.0
2021-04-30,3307000000.0
2021-04-29,3307000000.0
2021-04-28,3140000000.0
2021-04-27,3160000000.0
2021-04-26,3142000000.0
2021-04-23,3082000000.0
2021-04-22,3167000000.0
2021-04-21,3167000000.0
2021-04-20,3187000000.0
2021-04-19,3187000000.0
2021-04-16,3187000000.0
2021-04-15,3187000000.0
2021-04-14,3187000000.0
2021-04-13,3187000000.0
2021-04-12,3187000000.0
2021-04-09,3187000000.0
2021-04-08,3187000000.0
2021-04-07,3187000000.0
2021-04-06,3175000000.0
2021-04-05,3175000000.0
2021-04-01,3153000000.0
2021-03-31,3153000000.0
2021-03-30,3128000000.0
2021-03-29,3128000000.0
2021-03-26,3125000000.0
2021-03-25,3322000000.0
2021-03-24,3322000000.0
2021-03-23,3322000000.0
2021-03-22,3322000000.0
2021-03-19,3322000000.0
2021-03-18,3322000000.0
2021-03-17,3247000000.0
2021-03-16,3247000000.0
2021-03-15,3247000000.0
2021-03-12,3305000000.0
2021-03-11,3305000000.0
2021-03-10,3305000000.0
2021-03-09,3368000000.0
2021-03-08,3297000000.0
2021-03-05,3153000000.0
2021-03-04,3381000000.0
2021-03-03,3255000000.0
2021-03-02,3156000000.0
2021-03-01,3156000000.0
2021-02-26,3099000000.0
2021-02-25,3218000000.0
2021-02-24,3152000000.0
2021-02-23,3032000000.0
2021-02-22,3018000000.0
2021-02-19,2753000000.0
2021-02-18,2767000000.0
2021-02-17,2767000000.0
2021-02-16,2777000000.0
2021-02-12,2782000000.0
2021-02-11,2816000000.0
2021-02-10,2838000000.0
2021-02-09,2802000000.0
2021-02-08,2802000000.0
2021-02-05,2802000000.0
2021-02-04,2802000000.0
2021-02-03,2782000000.0
2021-02-02,2700000000.0
2021-02-01,2711000000.0
2021-01-29,2804000000.0
2021-01-28,2804000000.0
2021-01-27,2756000000.0
2021-01-26,2635000000.0
2021-01-25,2581000000.0
2021-01-22,2528000000.0
2021-01-21,2706000000.0
2021-01-20,2706000000.0
2021-01-19,2624000000.0
2021-01-15,2634000000.0
2021-01-14,2646000000.0
2021-01-13,2547000000.0
2021-01-12,2542000000.0
2021-01-11,2542000000.0
2021-01-08,2562000000.0
2021-01-07,2593000000.0
2021-01-06,2593000000.0
2021-01-05,2505000000.0
2021-01-04,2595000000.0
2020-12-31,2595000000.0
2020-12-30,2635000000.0
2020-12-29,2667000000.0
2020-12-28,2745000000.0
2020-12-24,2684000000.0
2020-12-23,2702000000.0
2020-12-22,2676000000.0
2020-12-21,2661000000.0
2020-12-18,2768000000.0
2020-12-17,2811000000.0
2020-12-16,2814000000.0
2020-12-15,2820000000.0
2020-12-14,2843000000.0
2020-12-11,2854000000.0
2020-12-10,2854000000.0
2020-12-09,2728000000.0
2020-12-08,2785000000.0
2020-12-07,2785000000.0
2020-12-04,2896000000.0
2020-12-03,2664000000.0
2020-12-02,2664000000.0
2020-12-01,2664000000.0
2020-11-30,2680000000.0
2020-11-27,2794000000.0
2020-11-25,2791000000.0
2020-11-24,2828000000.0
2020-11-23,2658000000.0
2020-11-20,2450000000.0
2020-11-19,2434000000.0
2020-11-18,2434000000.0
2020-11-17,2549000000.0
2020-11-16,2342000000.0
2020-11-13,2198000000.0
2020-11-12,2008000000.0
2020-11-11,2041999999.9999998
2020-11-10,2169000000.0
2020-11-09,2179000000.0
2020-11-06,1535000000.0
2020-11-05,1601000000.0
2020-11-04,1642000000.0
2020-11-03,1642000000.0
2020-11-02,1623000000.0
2020-10-30,1509000000.0
2020-10-29,1560000000.0
2020-10-28,1591000000.0
2020-10-27,1710000000.0
2020-10-26,1767000000.0
2020-10-23,1767000000.0
2020-10-22,1840000000.0
2020-10-21,1840000000.0
2020-10-20,1840000000.0
2020-10-19,1840000000.0
2020-10-16,1840000000.0
2020-10-15,1802000000.0
2020-10-14,1802000000.0
2020-10-13,1903000000.0
2020-10-12,1903000000.0
2020-10-09,1903000000.0
2020-10-08,1903000000.0
2020-10-07,1903000000.0
2020-10-06,1903000000.0
2020-10-05,1874000000.0
2020-10-02,1843000000.0
2020-10-01,1805000000.0
2020-09-30,1724000000.0
2020-09-29,1738000000.0
2020-09-28,1736000000.0
2020-09-25,1736000000.0
2020-09-24,1733000000.0
2020-09-23,1733000000.0
2020-09-22,1733000000.0
2020-09-21,1760000000.0
2020-09-18,1843000000.0
2020-09-17,1892000000.0
2020-09-16,1892000000.0
2020-09-15,1867000000.0
2020-09-14,1785000000.0
2020-09-11,1939000000.0
2020-09-10,1939000000.0
2020-09-09,1939000000.0
2020-09-08,1939000000.0
2020-09-04,1939000000.0
2020-09-03,1939000000.0
2020-09-02,1858000000.0
2020-09-01,1813000000.0
2020-08-31,1794000000.0
2020-08-28,1773000000.0
2020-08-27,1776000000.0
2020-08-26,1776000000.0
2020-08-25,1776000000.0
2020-08-24,1776000000.0
2020-08-21,1776000000.0
2020-08-20,1776000000.0
2020-08-19,1942000000.0
2020-08-18,1942000000.0
2020-08-17,1942000000.0
2020-08-14,1942000000.0
2020-08-13,1942000000.0
2020-08-12,2012000000.0
2020-08-11,2012000000.0
2020-08-10,1903000000.0
2020-08-07,1903000000.0
2020-08-06,1903000000.0
2020-08-05,1922000000.0
2020-08-04,1831000000.0
2020-08-03,1831000000.0
2020-07-31,1919000000.0
2020-07-30,1919000000.0
2020-07-29,1919000000.0
2020-07-28,1919000000.0
2020-07-27,1919000000.0
2020-07-24,1919000000.0
2020-07-23,1919000000.0
2020-07-22,1919000000.0
2020-07-21,1919000000.0
2020-07-20,1919000000.0
2020-07-17,1934000000.0
2020-07-16,1992000000.0
2020-07-15,2015000000.0000002
2020-07-14,1934000000.0
2020-07-13,1876000000.0
2020-07-10,1876000000.0
2020-07-09,1876000000.0
2020-07-08,1937000000.0
2020-07-07,1937000000.0
2020-07-06,1937000000.0
2020-07-02,1937000000.0
2020-07-01,1937000000.0
2020-06-30,1937000000.0
2020-06-29,1960000000.0
2020-06-26,1960000000.0
2020-06-25,1936000000.0
2020-06-24,1851000000.0
2020-06-23,2007000000.0
2020-06-22,2092000000.0
2020-06-19,1989000000.0
2020-06-18,2021999999.9999998
2020-06-17,2021999999.9999998
2020-06-16,2021999999.9999998
2020-06-15,2021999999.9999998
2020-06-12,2119000000.0000002
2020-06-11,2119000000.0000002
2020-06-10,2354000000.0
2020-06-09,2354000000.0
2020-06-08,2363000000.0
2020-06-05,2363000000.0
2020-06-04,2278000000.0
2020-06-03,2272000000.0
2020-06-02,2148000000.0
2020-06-01,2031000000.0000002
2020-05-29,2177000000.0
2020-05-28,2177000000.0
2020-05-27,2177000000.0
2020-05-26,1934000000.0
2020-05-22,1934000000.0
2020-05-21,2120000000.0
2020-05-20,2151000000.0
2020-05-19,2151000000.0
2020-05-18,2151000000.0
2020-05-15,1969000000.0
2020-05-14,1920000000.0
2020-05-13,1987000000.0
2020-05-12,2278000000.0
2020-05-11,2278000000.0
2020-05-08,2427000000.0
2020-05-07,2531000000.0
2020-05-06,2531000000.0
2020-05-05,2531000000.0
2020-05-04,2531000000.0
2020-05-01,2531000000.0
2020-04-30,2531000000.0
2020-04-29,2534000000.0
2020-04-28,2359000000.0
2020-04-27,2359000000.0
2020-04-24,2302000000.0
2020-04-23,2302000000.0
2020-04-22,2328000000.0
2020-04-21,2370000000.0
2020-04-20,2673000000.0
2020-04-17,2673000000.0
2020-04-16,2673000000.0
2020-04-15,2673000000.0
2020-04-14,2673000000.0
2020-04-13,2673000000.0
2020-04-09,2543000000.0
2020-04-08,2543000000.0
2020-04-07,2543000000.0
2020-04-06,2543000000.0
2020-04-03,2484000000.0
2020-04-02,2484000000.0
2020-04-01,2484000000.0
2020-03-31,2549000000.0
2020-03-30,2556000000.0
2020-03-27,2556000000.0
2020-03-26,2601000000.0
2020-03-25,2601000000.0
2020-03-24,2337000000.0
2020-03-23,2524000000.0
2020-03-20,2524000000.0
2020-03-19,2465000000.0
2020-03-18,2204000000.0
2020-03-17,2177000000.0
2020-03-16,2177000000.0
2020-03-13,2864000000.0
2020-03-12,2755000000.0
2020-03-11,3199000000.0
2020-03-10,3199000000.0
2020-03-09,3036000000.0
2020-03-06,3584000000.0
2020-03-05,3584000000.0
2020-03-04,3584000000.0
2020-03-03,3584000000.0
2020-03-02,3611000000.0
2020-02-28,3451000000.0
2020-02-27,3670000000.0
2020-02-26,4073000000.0000005
2020-02-25,4073000000.0000005
2020-02-24,4073000000.0000005
2020-02-21,4078999999.9999995
2020-02-20,4078999999.9999995
2020-02-19,3946000000.0
2020-02-18,4035000000.0
2020-02-14,4035000000.0
2020-02-13,4032000000.0
2020-02-12,4002000000.0
2020-02-11,3981000000.0
2020-02-10,3981000000.0
2020-02-07,3963000000.0
2020-02-06,4070000000.0000005
2020-02-05,4070000000.0000005
2020-02-04,4019999999.9999995
2020-02-03,4019999999.9999995
2020-01-31,4019999999.9999995
2020-01-30,4019999999.9999995
2020-01-29,4091000000.0
2020-01-28,4175000000.0
2020-01-27,4175000000.0
2020-01-24,4175000000.0
2020-01-23,4159000000.0
2020-01-22,4159000000.0
2020-01-21,4159000000.0
2020-01-17,4159000000.0
2020-01-16,4123999999.9999995
2020-01-15,4115000000.0
2020-01-14,4082000000.0
2020-01-13,4082000000.0
2020-01-10,4082000000.0
2020-01-09,4082000000.0
2020-01-08,4082000000.0
2020-01-07,4078999999.9999995
2020-01-06,4078999999.9999995
2020-01-03,4085000000.0
2020-01-02,4118000000.0000005
2019-12-31,4099999999.9999995
2019-12-30,4115999999.9999995
2019-12-27,4139999999.9999995
2019-12-26,4139999999.9999995
2019-12-24,4149000000.0
2019-12-23,4131000000.0
2019-12-20,4089000000.0000005
2019-12-19,4089000000.0000005
2019-12-18,4089000000.0000005
2019-12-17,4089000000.0000005
2019-12-16,4089000000.0000005
2019-12-13,4089000000.0000005
2019-12-12,4001000000.0000005
2019-12-11,4001000000.0000005
2019-12-10,4149000000.0
2019-12-09,4149000000.0
2019-12-06,4149000000.0
2019-12-05,4149000000.0
2019-12-04,4143000000.0
2019-12-03,4143000000.0
2019-12-02,4160999999.9999995
2019-11-29,4136999999.9999995
2019-11-27,4136999999.9999995
2019-11-26,4077000000.0
2019-11-25,4077000000.0
2019-11-22,4179000000.0000005
2019-11-21,4119000000.0
2019-11-20,4284000000.0
2019-11-19,4284000000.0
2019-11-18,4284000000.0
2019-11-15,4284000000.0
2019-11-14,4251000000.0000005
2019-11-13,4347000000.0
2019-11-12,4347000000.0
2019-11-11,4347000000.0
2019-11-08,4347000000.0
2019-11-07,4347000000.0
2019-11-06,4377000000.0
2019-11-05,4377000000.0
2019-11-04,4377000000.0
2019-11-01,4320000000.0
2019-10-31,4320000000.0
2019-10-30,4320000000.0
2019-10-29,4350000000.0
2019-10-28,4350000000.0
2019-10-25,4350000000.0
2019-10-24,4362000000.0
2019-10-23,4280000000.0000005
2019-10-22,4280000000.0000005
2019-10-21,4280000000.0000005
2019-10-18,4127000000.0
2019-10-17,4127000000.0
2019-10-16,4127000000.0
2019-10-15,4127000000.0
2019-10-14,4157000000.0
2019-10-11,4157000000.0
2019-10-10,4157000000.0
2019-10-09,4157000000.0
2019-10-08,4157000000.0
2019-10-07,4157000000.0
2019-10-04,4157000000.0
2019-10-03,4157000000.0
2019-10-02,4178000000.0
2019-10-01,4214000000.0000005
2019-09-30,4274000000.0
2019-09-27,4280000000.0000005
2019-09-26,4239000000.0
2019-09-25,4239000000.0
2019-09-24,4178000000.0
2019-09-23,4192999999.9999995
2019-09-20,4240999999.9999995
2019-09-19,4181000000.0
2019-09-18,4181000000.0
2019-09-17,4380000000.0
2019-09-16,4380000000.0
2019-09-13,4380000000.0
2019-09-12,4440000000.0
2019-09-11,4464000000.0
2019-09-10,4395000000.0
2019-09-09,4269000000.0
2019-09-06,4247000000.0
2019-09-05,4235000000.0000005
2019-09-04,4171000000.0000005
2019-09-03,4171000000.0000005
2019-08-30,4171000000.0000005
2019-08-29,4171000000.0000005
2019-08-28,4069000000.0
2019-08-27,4075000000.0
2019-08-26,4075000000.0
2019-08-23,4075000000.0
2019-08-22,4035999999.9999995
2019-08-21,4035999999.9999995
2019-08-20,4035999999.9999995
2019-08-19,4035999999.9999995
2019-08-16,3982000000.0
2019-08-15,3928000000.0
2019-08-14,3949000000.0
2019-08-13,3949000000.0
2019-08-12,3922000000.0
2019-08-09,3931000000.0
2019-08-08,3982000000.0
2019-08-07,3861000000.0
2019-08-06,3958000000.0
2019-08-05,3928000000.0
2019-08-02,4072000000.0
2019-08-01,4299000000.0
2019-07-31,4299000000.0
2019-07-30,4299000000.0
2019-07-29,4305000000.0
2019-07-26,4305000000.0
2019-07-25,4410000000.0
2019-07-24,4413000000.0
2019-07-23,4386000000.0
2019-07-22,4386000000.0
2019-07-19,4389000000.0
2019-07-18,4405000000.0
2019-07-17,4377000000.0
2019-07-16,4603000000.0
2019-07-15,4603000000.0
2019-07-12,4603000000.0
2019-07-11,4603000000.0
2019-07-10,4603000000.0
2019-07-09,4570000000.0
2019-07-08,4570000000.0
2019-07-05,4567000000.0
2019-07-03,4485000000.0
2019-07-02,4485000000.0
2019-07-01,4485000000.0
2019-06-28,4354000000.0
2019-06-27,4354000000.0
2019-06-26,4354000000.0
2019-06-25,4656000000.0
2019-06-24,4656000000.0
2019-06-21,4656000000.0
2019-06-20,4553000000.0
2019-06-19,4553000000.0
2019-06-18,4553000000.0
2019-06-17,4553000000.0
2019-06-14,4553000000.0
2019-06-13,4553000000.0
2019-06-12,4605000000.0
2019-06-11,4605000000.0
2019-06-10,4605000000.0
2019-06-07,4647000000.0
2019-06-06,4647000000.0
2019-06-05,4580000000.0
2019-06-04,4580000000.0
2019-06-03,4713000000.0
2019-05-31,4713000000.0
2019-05-30,4713000000.0
2019-05-29,4713000000.0
2019-05-28,4713000000.0
2019-05-24,4713000000.0
2019-05-23,4713000000.0
2019-05-22,4713000000.0
2019-05-21,4713000000.0
2019-05-20,4713000000.0
2019-05-17,4713000000.0
2019-05-16,4713000000.0
2019-05-15,4615000000.0
2019-05-14,4615000000.0
2019-05-13,4615000000.0
2019-05-10,4615000000.0
2019-05-09,4538000000.0
2019-05-08,4679000000.0
2019-05-07,4679000000.0
2019-05-06,4679000000.0
2019-05-03,4608000000.0
2019-05-02,4608000000.0
2019-05-01,4608000000.0
2019-04-30,4608000000.0
2019-04-29,4616000000.0
2019-04-26,4616000000.0
2019-04-25,4620000000.0
2019-04-24,4620000000.0
2019-04-23,4566000000.0
2019-04-22,4759000000.0
2019-04-18,4759000000.0
2019-04-17,4759000000.0
2019-04-16,4759000000.0
2019-04-15,4759000000.0
2019-04-12,4759000000.0
2019-04-11,4759000000.0
2019-04-10,4759000000.0
2019-04-09,4759000000.0
2019-04-08,4759000000.0
2019-04-05,4759000000.0
2019-04-04,4753000000.0
2019-04-03,4753000000.0
2019-04-02,4720000000.0
2019-04-01,4720000000.0
2019-03-29,4707000000.0
2019-03-28,4707000000.0
2019-03-27,4707000000.0
2019-03-26,4707000000.0
2019-03-25,4707000000.0
2019-03-22,4707000000.0
2019-03-21,4707000000.0
2019-03-20,4698000000.0
2019-03-19,4698000000.0
2019-03-18,4740000000.0
2019-03-15,4713000000.0
2019-03-14,4713000000.0
2019-03-13,4713000000.0
2019-03-12,4713000000.0
2019-03-11,4671000000.0
2019-03-08,4672000000.0
2019-03-07,4672000000.0
2019-03-06,4672000000.0
2019-03-05,4672000000.0
2019-03-04,4603000000.0
2019-03-01,4603000000.0
2019-02-28,4603000000.0
2019-02-27,4603000000.0
2019-02-26,4603000000.0
2019-02-25,4603000000.0
2019-02-22,4603000000.0
2019-02-21,4619000000.0
2019-02-20,4619000000.0
2019-02-19,4619000000.0
2019-02-15,4600000000.0
2019-02-14,4600000000.0
2019-02-13,4627000000.0
2019-02-12,4701000000.0
2019-02-11,4701000000.0
2019-02-08,4701000000.0
2019-02-07,4531000000.0
2019-02-06,4531000000.0
2019-02-05,4531000000.0
2019-02-04,4531000000.0
2019-02-01,4531000000.0
2019-01-31,4531000000.0
2019-01-30,4531000000.0
2019-01-29,4531000000.0
2019-01-28,4473000000.0
2019-01-25,4315000000.0
2019-01-24,4315000000.0
2019-01-23,4404000000.0
2019-01-22,4404000000.0
2019-01-18,4438000000.0
2019-01-17,4438000000.0
2019-01-16,4438000000.0
2019-01-15,4438000000.0
2019-01-14,4438000000.0
2019-01-11,4438000000.0
2019-01-10,4369000000.0
2019-01-09,4369000000.0
2019-01-08,4152999999.9999995
2019-01-07,4152999999.9999995
2019-01-04,4152999999.9999995
2019-01-03,4152999999.9999995
2019-01-02,4152999999.9999995
2018-12-31,4189000000.0
2018-12-28,4197000000.0
2018-12-27,4197000000.0
2018-12-26,4152000000.0
2018-12-24,4472000000.0
2018-12-21,4472000000.0
2018-12-20,4472000000.0
2018-12-19,4472000000.0
2018-12-18,4472000000.0
2018-12-17,4568000000.0
2018-12-14,4568000000.0
2018-12-13,4607000000.0
2018-12-12,4634000000.0
2018-12-11,4724000000.0
2018-12-10,4838000000.0
2018-12-07,4838000000.0
2018-12-06,4838000000.0
2018-12-04,4706000000.0
2018-12-03,4706000000.0
2018-11-30,4706000000.0
2018-11-29,4706000000.0
2018-11-28,4691000000.0
2018-11-27,4619000000.0
2018-11-26,4718000000.0
2018-11-23,4718000000.0
2018-11-21,4718000000.0
2018-11-20,4718000000.0
2018-11-19,4718000000.0
2018-11-16,4718000000.0
2018-11-15,4718000000.0
2018-11-14,4718000000.0
2018-11-13,4718000000.0
2018-11-12,4745000000.0
2018-11-09,4811000000.0
2018-11-08,4811000000.0
2018-11-07,4730000000.0
2018-11-06,4730000000.0
2018-11-05,4730000000.0
2018-11-02,4730000000.0
2018-11-01,4730000000.0
2018-10-31,4798000000.0
2018-10-30,4798000000.0
2018-10-29,4807000000.0
2018-10-26,4807000000.0
2018-10-25,4807000000.0
2018-10-24,4807000000.0
2018-10-23,4807000000.0
2018-10-22,4807000000.0
2018-10-19,4807000000.0
2018-10-18,4807000000.0
2018-10-17,4819000000.0
2018-10-16,4819000000.0
2018-10-15,4745000000.0
2018-10-12,4958000000.0
2018-10-11,4958000000.0
2018-10-10,4958000000.0
2018-10-09,4958000000.0
2018-10-08,4958000000.0
2018-10-05,4958000000.0
2018-10-04,4958000000.0
2018-10-03,4958000000.0
2018-10-02,4958000000.0
2018-10-01,4958000000.0
2018-09-28,4909000000.0
2018-09-27,4861000000.0
2018-09-26,4861000000.0
2018-09-25,4861000000.0
2018-09-24,4861000000.0
2018-09-21,5035000000.0
2018-09-20,5035000000.0
2018-09-19,5035000000.0
2018-09-18,5035000000.0
2018-09-17,5035000000.0
2018-09-14,5101000000.0
2018-09-13,5101000000.0
2018-09-12,5173000000.0
2018-09-11,5173000000.0
2018-09-10,5173000000.0
2018-09-07,5206000000.0
2018-09-06,5206000000.0
2018-09-05,5188000000.0
2018-09-04,5188000000.0
2018-08-31,5188000000.0
2018-08-30,5188000000.0
2018-08-29,5188000000.0
2018-08-28,5188000000.0
2018-08-27,5200000000.0
2018-08-24,5200000000.0
2018-08-23,5200000000.0
2018-08-22,5200000000.0
2018-08-21,5200000000.0
2018-08-20,5275000000.0
2018-08-17,5296000000.0
2018-08-16,5101000000.0
2018-08-15,5101000000.0
2018-08-14,5053000000.0
2018-08-13,5074000000.0
2018-08-10,5074000000.0
2018-08-09,5125000000.0
2018-08-08,5125000000.0
2018-08-07,5125000000.0
2018-08-06,5125000000.0
2018-08-03,5083000000.0
2018-08-02,5173000000.0
2018-08-01,5173000000.0
2018-07-31,5173000000.0
2018-07-30,5173000000.0
2018-07-27,5177000000.0
2018-07-26,5177000000.0
2018-07-25,5177000000.0
2018-07-24,5177000000.0
2018-07-23,5177000000.0
2018-07-20,5177000000.0
2018-07-19,5177000000.0
2018-07-18,5177000000.0
2018-07-17,5177000000.0
2018-07-16,5177000000.0
2018-07-13,5199000000.0
2018-07-12,5199000000.0
2018-07-11,5199000000.0
2018-07-10,5199000000.0
2018-07-09,5140000000.0
2018-07-06,5140000000.0
2018-07-05,5140000000.0
2018-07-03,5140000000.0
2018-07-02,5140000000.0
2018-06-29,5114000000.0
2018-06-28,5101000000.0
2018-06-27,5101000000.0
2018-06-26,5101000000.0
2018-06-25,5101000000.0
2018-06-22,5101000000.0
2018-06-21,5110000000.0
2018-06-20,5092000000.0
2018-06-19,5093000000.0
2018-06-18,5093000000.0
2018-06-15,5053000000.0
2018-06-14,5184000000.0
2018-06-13,5184000000.0
2018-06-12,5184000000.0
2018-06-11,5116000000.0
2018-06-08,5110000000.0
2018-06-07,5110000000.0
2018-06-06,5092000000.0
2018-06-05,5092000000.0
2018-06-04,5092000000.0
2018-06-01,5092000000.0
2018-05-31,5017000000.0
2018-05-30,5017000000.0
2018-05-29,4961000000.0
2018-05-25,4912000000.0
2018-05-24,5035000000.0
2018-05-23,4912000000.0
2018-05-22,4953000000.0
2018-05-21,4953000000.0
2018-05-18,4953000000.0
2018-05-17,4953000000.0
2018-05-16,4953000000.0
2018-05-15,4953000000.0
2018-05-14,5050000000.0
2018-05-11,5169000000.0
2018-05-10,5169000000.0
2018-05-09,5175000000.0
2018-05-08,5166000000.0
2018-05-07,5166000000.0
2018-05-04,5166000000.0
2018-05-03,5166000000.0
2018-05-02,5166000000.0
2018-05-01,5226000000.0
2018-04-30,5226000000.0
2018-04-27,5234000000.0
2018-04-26,5219000000.0
2018-04-25,5105000000.0
2018-04-24,5093000000.0
2018-04-23,4964000000.0
2018-04-20,4924000000.0
2018-04-19,4978000000.0
2018-04-18,4949000000.0
2018-04-17,4949000000.0
2018-04-16,4949000000.0
2018-04-13,4910000000.0
2018-04-12,4964000000.0
2018-04-11,4964000000.0
2018-04-10,4964000000.0
2018-04-09,4964000000.0
2018-04-06,4964000000.0
2018-04-05,4964000000.0
2018-04-04,5024000000.0
2018-04-03,4979000000.0
2018-04-02,4928000000.0
2018-03-29,4940000000.0
2018-03-28,4887000000.0
2018-03-27,4887000000.0
2018-03-26,4848000000.0
2018-03-23,4866000000.0
2018-03-22,4976000000.0
2018-03-21,5041000000.0
2018-03-20,5041000000.0
2018-03-19,5032000000.0
2018-03-16,5098000000.0
2018-03-15,5029000000.0
2018-03-14,5029000000.0
2018-03-13,5029000000.0
2018-03-12,4967000000.0
2018-03-09,4982000000.0
2018-03-08,4982000000.0
2018-03-07,4982000000.0
2018-03-06,4976000000.0
2018-03-05,4976000000.0
2018-03-02,4931000000.0
2018-03-01,4934000000.0
2018-02-28,5006000000.0
2018-02-27,5077000000.0
2018-02-26,5077000000.0
2018-02-23,5262000000.0
2018-02-22,5262000000.0
2018-02-21,5466000000.0
2018-02-20,5466000000.0
2018-02-16,5466000000.0
2018-02-15,5398000000.0
2018-02-14,5398000000.0
2018-02-13,5398000000.0
2018-02-12,5398000000.0
2018-02-09,5398000000.0
2018-02-08,5398000000.0
2018-02-07,5398000000.0
2018-02-06,5478000000.0
2018-02-05,5478000000.0
2018-02-02,5579000000.0
2018-02-01,5674000000.0
2018-01-31,5671000000.0
2018-01-30,5671000000.0
2018-01-29,5671000000.0
2018-01-26,5713000000.0
2018-01-25,5713000000.0
2018-01-24,5713000000.0
2018-01-23,5689000000.0
2018-01-22,5636000000.0
2018-01-19,5582000000.0
2018-01-18,5579000000.0
2018-01-17,5621000000.0
2018-01-16,5615000000.0
2018-01-12,5651000000.0
2018-01-11,5651000000.0
2018-01-10,5680000000.0
2018-01-09,5763000000.0
2018-01-08,5859000000.0
2018-01-05,5859000000.0
2018-01-04,5892000000.0
2018-01-03,5996000000.0
2018-01-02,5996000000.0
2017-12-29,6062000000.0
2017-12-28,6062000000.0
2017-12-27,6000000000.0
2017-12-26,6000000000.0
2017-12-22,5988000000.0
2017-12-21,5988000000.0
2017-12-20,5988000000.0
2017-12-19,6080000000.0
2017-12-18,6026000000.0
2017-12-15,6026000000.0
2017-12-14,6026000000.0
2017-12-13,6026000000.0
2017-12-12,6026000000.0
2017-12-11,6026000000.0
2017-12-08,5999000000.0
2017-12-07,5999000000.0
2017-12-06,5967000000.0
2017-12-05,6018000000.0
2017-12-04,6080000000.0
2017-12-01,5987000000.0
2017-11-30,5997000000.0
2017-11-29,6015000000.0
2017-11-28,6015000000.0
2017-11-27,6104000000.0
2017-11-24,6104000000.0
2017-11-22,6074000000.0
2017-11-21,6059000000.0
2017-11-20,6071000000.0
2017-11-17,6071000000.0
2017-11-16,6071000000.0
2017-11-15,6032000000.0
2017-11-14,6032000000.0
2017-11-13,6053000000.0
2017-11-10,6053000000.0
2017-11-09,6053000000.0
2017-11-08,6021000000.0
2017-11-07,6021000000.0
2017-11-06,5973000000.0
2017-11-03,5943000000.0
2017-11-02,5943000000.0
2017-11-01,5943000000.0
2017-10-31,5943000000.0
2017-10-30,5993000000.0
2017-10-27,5993000000.0
2017-10-26,6052000000.0
2017-10-25,6052000000.0
2017-10-24,6052000000.0
2017-10-23,6052000000.0
2017-10-20,6037000000.0
2017-10-19,6133000000.0
2017-10-18,6207000000.0
2017-10-17,6207000000.0
2017-10-16,6189000000.0
2017-10-13,6112000000.0
2017-10-12,6133000000.0
2017-10-11,6141000000.0
2017-10-10,6124000000.0
2017-10-09,6124000000.0
2017-10-06,6124000000.0
2017-10-05,6124000000.0
2017-10-04,6011000000.0
2017-10-03,6011000000.0
2017-10-02,6011000000.0
2017-09-29,6009000000.0
2017-09-28,6009000000.0
2017-09-27,6009000000.0
2017-09-26,6077000000.0
2017-09-25,6077000000.0
2017-09-22,6045000000.0
2017-09-21,6045000000.0
2017-09-20,6066000000.0
2017-09-19,6066000000.0
2017-09-18,6066000000.0
2017-09-15,6066000000.0
2017-09-14,6072000000.0
2017-09-13,6036000000.0
2017-09-12,6036000000.0
2017-09-11,6036000000.0
2017-09-08,6073000000.0
2017-09-07,6073000000.0
2017-09-06,5947000000.0
2017-09-05,5947000000.0
2017-09-01,5947000000.0
2017-08-31,5947000000.0
2017-08-30,5947000000.0
2017-08-29,5947000000.0
2017-08-28,5947000000.0
2017-08-25,5947000000.0
2017-08-24,6072000000.0
2017-08-23,6072000000.0
2017-08-22,6140000000.0
2017-08-21,6140000000.0
2017-08-18,6140000000.0
2017-08-17,6140000000.0
2017-08-16,6140000000.0
2017-08-15,6054000000.0
2017-08-14,6104000000.0
2017-08-11,6104000000.0
2017-08-10,6104000000.0
2017-08-09,6104000000.0
2017-08-08,6155000000.0
2017-08-07,6155000000.0
2017-08-04,6228000000.0
2017-08-03,6196000000.0
2017-08-02,6196000000.0
2017-08-01,6196000000.0
2017-07-31,6113000000.0
2017-07-28,6115000000.0
2017-07-27,6156000000.0
2017-07-26,5948000000.0
2017-07-25,5948000000.0
2017-07-24,5945000000.0
2017-07-21,5933000000.0
2017-07-20,6043000000.0
2017-07-19,6043000000.0
2017-07-18,6118000000.0
2017-07-17,6118000000.0
2017-07-14,5850000000.0
2017-07-13,5850000000.0
2017-07-12,5850000000.0
2017-07-11,5850000000.0
2017-07-10,6085000000.0
2017-07-07,6085000000.0
2017-07-06,6085000000.0
2017-07-05,6085000000.0
2017-07-03,6085000000.0
2017-06-30,6085000000.0
2017-06-29,6080000000.0
2017-06-28,6161000000.0
2017-06-27,6214000000.0
2017-06-26,6247000000.0
2017-06-23,6247000000.0
2017-06-22,6291000000.0
2017-06-21,6291000000.0
2017-06-20,6291000000.0
2017-06-19,6291000000.0
2017-06-16,6291000000.0
2017-06-15,6291000000.0
2017-06-14,6291000000.0
2017-06-13,6318000000.0
2017-06-12,6318000000.0
2017-06-09,6318000000.0
2017-06-08,6318000000.0
2017-06-07,6318000000.0
2017-06-06,6318000000.0
2017-06-05,6318000000.0
2017-06-02,6318000000.0
2017-06-01,6197000000.0
2017-05-31,6202000000.0
2017-05-30,6202000000.0
2017-05-26,6202000000.0
2017-05-25,6202000000.0
2017-05-24,6178000000.0
2017-05-23,6080000000.0
2017-05-22,6080000000.0
2017-05-19,6080000000.0
2017-05-18,6080000000.0
2017-05-17,6080000000.0
2017-05-16,6006000000.0
2017-05-15,6063000000.0
2017-05-12,6107000000.0
2017-05-11,6106000000.0
2017-05-10,6315000000.0
2017-05-09,6315000000.0
2017-05-08,6315000000.0
2017-05-05,6315000000.0
2017-05-04,6315000000.0
2017-05-03,6315000000.0
2017-05-02,6315000000.0
2017-05-01,6315000000.0
2017-04-28,6315000000.0
2017-04-27,6315000000.0
2017-04-26,6319000000.0
2017-04-25,6375000000.0
2017-04-24,6375000000.0
2017-04-21,6375000000.0
2017-04-20,6375000000.0
2017-04-19,6375000000.0
2017-04-18,6352000000.0
2017-04-17,6352000000.0
2017-04-13,6301000000.0
2017-04-12,6346000000.0
2017-04-11,6316000000.0
2017-04-10,6237000000.0
2017-04-07,6274000000.0
2017-04-06,6230000000.0
2017-04-05,6218000000.0
2017-04-04,6170000000.0
2017-04-03,6104000000.0
2017-03-31,6066000000.0
2017-03-30,6031000000.0
2017-03-29,5974000000.0
2017-03-28,5974000000.0
2017-03-27,6122000000.0
2017-03-24,6122000000.0
2017-03-23,6072000000.0
2017-03-22,6042000000.0
2017-03-21,6075000000.0
2017-03-20,6034000000.0
2017-03-17,6060000000.0
2017-03-16,6028000000.0
2017-03-15,5957000000.0
2017-03-14,5986000000.0
2017-03-13,5977000000.0
2017-03-10,6143000000.0
2017-03-09,6143000000.0
2017-03-08,6143000000.0
2017-03-07,6200000000.0
2017-03-06,6200000000.0
2017-03-03,6229000000.0
2017-03-02,6382000000.0
2017-03-01,6382000000.0
2017-02-28,6373000000.0
2017-02-27,6373000000.0
2017-02-24,6373000000.0
2017-02-23,6353000000.0
2017-02-22,6196000000.0
2017-02-21,6196000000.0
2017-02-17,6206000000.0
2017-02-16,6126000000.0
2017-02-15,6088000000.0
2017-02-14,6143000000.0
2017-02-13,6143000000.0
2017-02-10,6138000000.0
2017-02-09,6040000000.0
2017-02-08,6040000000.0
2017-02-07,6085000000.0
2017-02-06,6052000000.0
2017-02-03,6011000000.0
2017-02-02,5931000000.0
2017-02-01,5931000000.0
2017-01-31,6003000000.0
2017-01-30,6003000000.0
2017-01-27,6040000000.0
2017-01-26,6117000000.0
2017-01-25,5981000000.0
2017-01-24,5981000000.0
2017-01-23,5981000000.0
2017-01-20,5958000000.0
2017-01-19,5958000000.0
2017-01-18,5958000000.0
2017-01-17,5931000000.0
2017-01-13,5863000000.0
2017-01-12,5863000000.0
2017-01-11,5863000000.0
2017-01-10,5863000000.0
2017-01-09,5869000000.0
2017-01-06,5901000000.0
2017-01-05,5901000000.0
2017-01-04,5940000000.0
2017-01-03,5940000000.0
2016-12-30,5915000000.0
2016-12-29,5849000000.0
2016-12-28,5829000000.0
2016-12-27,5829000000.0
2016-12-23,5829000000.0
2016-12-22,5888000000.0
2016-12-21,5924000000.0
2016-12-20,5903000000.0
2016-12-19,5885000000.0
2016-12-16,5882000000.0
2016-12-15,5921000000.0
2016-12-14,5921000000.0
2016-12-13,5921000000.0
2016-12-12,6049000000.0
2016-12-09,6049000000.0
2016-12-08,6027000000.0
2016-12-07,5873000000.0
2016-12-06,5873000000.0
2016-12-05,5912000000.0
2016-12-02,5912000000.0
2016-12-01,5912000000.0
2016-11-30,5912000000.0
2016-11-29,5912000000.0
2016-11-28,5921000000.0
2016-11-25,5858000000.0
2016-11-23,5921000000.0
2016-11-22,5921000000.0
2016-11-21,5921000000.0
2016-11-18,5921000000.0
2016-11-17,5921000000.0
2016-11-16,5921000000.0
2016-11-15,5921000000.0
2016-11-14,5811000000.0
2016-11-11,5719000000.0
2016-11-10,5556000000.0
2016-11-09,5634000000.0
2016-11-08,5669000000.0
2016-11-07,5669000000.0
2016-11-04,5619000000.0
2016-11-03,5625000000.0
2016-11-02,5625000000.0
2016-11-01,5693000000.0
2016-10-31,5753000000.0
2016-10-28,5682000000.0
2016-10-27,5703000000.0
2016-10-26,5747000000.0
2016-10-25,5821000000.0
2016-10-24,5881000000.0
2016-10-21,5896000000.0
2016-10-20,5928000000.0
2016-10-19,6014000000.0
2016-10-18,5990000000.0
2016-10-17,5964000000.0
2016-10-14,5984000000.0
2016-10-13,5925000000.0
2016-10-12,5824000000.0
2016-10-11,5792000000.0
2016-10-10,5801000000.0
2016-10-07,5801000000.0
2016-10-06,5801000000.0
2016-10-05,5836000000.0
2016-10-04,5946000000.0
2016-10-03,6100000000.0
2016-09-30,6248000000.0
2016-09-29,5760000000.0
2016-09-28,5709000000.0
2016-09-27,5683000000.0
2016-09-26,5759000000.0
2016-09-23,5736000000.0
2016-09-22,5645000000.0
2016-09-21,5485000000.0
2016-09-20,5677000000.0
2016-09-19,5677000000.0
2016-09-16,5677000000.0
2016-09-15,5677000000.0
2016-09-14,5677000000.0
2016-09-13,5677000000.0
2016-09-12,5677000000.0
2016-09-09,5782000000.0
2016-09-08,5856000000.0
2016-09-07,5910000000.0
2016-09-06,5850000000.0
2016-09-02,5701000000.0
2016-09-01,5701000000.0
2016-08-31,5701000000.0
2016-08-30,5603000000.0
2016-08-29,5601000000.0
2016-08-26,5472000000.0
2016-08-25,5472000000.0
2016-08-24,5472000000.0
2016-08-23,5440000000.0
2016-08-22,5522000000.0
2016-08-19,5522000000.0
2016-08-18,5522000000.0
2016-08-17,5458000000.0
2016-08-16,5469000000.0
2016-08-15,5488000000.0
2016-08-12,5488000000.0
2016-08-11,5464000000.0
2016-08-10,5498000000.0
2016-08-09,5533000000.0
2016-08-08,5533000000.0
2016-08-05,5533000000.0
2016-08-04,5533000000.0
2016-08-03,5509000000.0
2016-08-02,5475000000.0
2016-08-01,5552000000.0
2016-07-29,5555000000.0
2016-07-28,5493000000.0
2016-07-27,5422000000.0
2016-07-26,5422000000.0
2016-07-25,5474000000.0
2016-07-22,5312000000.0
2016-07-21,5312000000.0
2016-07-20,5234000000.0
2016-07-19,5234000000.0
2016-07-18,5188000000.0
2016-07-15,5142000000.0
2016-07-14,5142000000.0
2016-07-13,5142000000.0
2016-07-12,5142000000.0
2016-07-11,5144000000.0
2016-07-08,5074000000.0
2016-07-07,5074000000.0
2016-07-06,5074000000.0
2016-07-05,5074000000.0
2016-07-01,5074000000.0
2016-06-30,5013000000.0
2016-06-29,4983000000.0
2016-06-28,4946000000.0
2016-06-27,4890000000.0
2016-06-24,5074000000.0
2016-06-23,5074000000.0
2016-06-22,5074000000.0
2016-06-21,5074000000.0
2016-06-20,5074000000.0
2016-06-17,5085000000.0
2016-06-16,5085000000.0
2016-06-15,5085000000.0
2016-06-14,5051000000.0
2016-06-13,5148000000.0
2016-06-10,5148000000.0
2016-06-09,5132000000.0
2016-06-08,5130000000.0
2016-06-07,5130000000.0
2016-06-06,5130000000.0
2016-06-03,5130000000.0
2016-06-02,5210000000.0
2016-06-01,5210000000.0
2016-05-31,5210000000.0
2016-05-27,5210000000.0
2016-05-26,5210000000.0
2016-05-25,5210000000.0
2016-05-24,5210000000.0
2016-05-23,5210000000.0
2016-05-20,5210000000.0
2016-05-19,5210000000.0
2016-05-18,5210000000.0
2016-05-17,5210000000.0
2016-05-16,5210000000.0
2016-05-13,5122000000.0
2016-05-12,5116000000.0
2016-05-11,5180000000.0
2016-05-10,5180000000.0
2016-05-09,5065000000.0
2016-05-06,5065000000.0
2016-05-05,5065000000.0
2016-05-04,5063000000.0
2016-05-03,4980000000.0
2016-05-02,4980000000.0
2016-04-29,4880000000.0
2016-04-28,4935000000.0
2016-04-27,4935000000.0
2016-04-26,4935000000.0
2016-04-25,4847000000.0
2016-04-22,4839000000.0
2016-04-21,4839000000.0
2016-04-20,4839000000.0
2016-04-19,4839000000.0
2016-04-18,4732000000.0
2016-04-15,4732000000.0
2016-04-14,4732000000.0
2016-04-13,4759000000.0
2016-04-12,4719000000.0
2016-04-11,4719000000.0
2016-04-08,4790000000.0
2016-04-07,4641000000.0
2016-04-06,4641000000.0
2016-04-05,4681000000.0
2016-04-04,4674000000.0
2016-04-01,4652000000.0
2016-03-31,4657000000.0
2016-03-30,4616000000.0
2016-03-29,4616000000.0
2016-03-28,4521000000.0
2016-03-24,4521000000.0
2016-03-23,4598000000.0
2016-03-22,4598000000.0
2016-03-21,4608000000.0
2016-03-18,4624000000.0
2016-03-17,4517000000.0
2016-03-16,4365000000.0
2016-03-15,4365000000.0
2016-03-14,4365000000.0
2016-03-11,4336000000.0
2016-03-10,4259000000.0000005
2016-03-09,4259000000.0000005
2016-03-08,4206000000.0000005
2016-03-07,4224999999.9999995
2016-03-04,4296000000.0
2016-03-03,4296000000.0
2016-03-02,4276000000.0
2016-03-01,4236000000.0
2016-02-29,4143000000.0
2016-02-26,4151000000.0
2016-02-25,4155999999.9999995
2016-02-24,4093000000.0
2016-02-23,4080000000.0
2016-02-22,4128000000.0
2016-02-19,3989000000.0
2016-02-18,3989000000.0
2016-02-17,3989000000.0
2016-02-16,3989000000.0
2016-02-12,3915000000.0
2016-02-11,3857000000.0
2016-02-10,4048000000.0
2016-02-09,3979000000.0
2016-02-08,4260000000.0
2016-02-05,4260000000.0
2016-02-04,4260000000.0
2016-02-03,4400000000.0
2016-02-02,4400000000.0
2016-02-01,4400000000.0
2016-01-29,4400000000.0
2016-01-28,4400000000.0
2016-01-27,4400000000.0
2016-01-26,4400000000.0
2016-01-25,4400000000.0
2016-01-22,4400000000.0
2016-01-21,4334000000.0
2016-01-20,4371000000.0
2016-01-19,4522000000.0
2016-01-15,4538000000.0
2016-01-14,4538000000.0
2016-01-13,4607000000.0
2016-01-12,4607000000.0
2016-01-11,4607000000.0
2016-01-08,4750000000.0
2016-01-07,4750000000.0
2016-01-06,4750000000.0
2016-01-05,4734000000.0
2016-01-04,4636000000.0
2015-12-31,4758000000.0
2015-12-30,4748000000.0
2015-12-29,4759000000.0
2015-12-28,4759000000.0
2015-12-24,4759000000.0
2015-12-23,4759000000.0
2015-12-22,4759000000.0
2015-12-21,4759000000.0
2015-12-18,4759000000.0
2015-12-17,4788000000.0
2015-12-16,4648000000.0
2015-12-15,4648000000.0
2015-12-14,4619000000.0
2015-12-11,4746000000.0
2015-12-10,4746000000.0
2015-12-09,4746000000.0
2015-12-08,4746000000.0
2015-12-07,4746000000.0
2015-12-04,4764000000.0
2015-12-03,4736000000.0
2015-12-02,4150000000.0000005
2015-12-01,4828000000.0
2015-11-30,4828000000.0
2015-11-27,4979000000.0
2015-11-25,4886000000.0
2015-11-24,4886000000.0
2015-11-23,4886000000.0
2015-11-20,4890000000.0
2015-11-19,4890000000.0
2015-11-18,4890000000.0
2015-11-17,4772000000.0
2015-11-16,4703000000.0
2015-11-13,4703000000.0
2015-11-12,4724000000.0
2015-11-11,4595000000.0
2015-11-10,4595000000.0
2015-11-09,4595000000.0
2015-11-06,4693000000.0
2015-11-05,4804000000.0
2015-11-04,4783000000.0
2015-11-03,4783000000.0
2015-11-02,4722000000.0
2015-10-30,4689000000.0
2015-10-29,4689000000.0
2015-10-28,4601000000.0
2015-10-27,4697000000.0
2015-10-26,4697000000.0
2015-10-23,4697000000.0
2015-10-22,4686000000.0
2015-10-21,4702000000.0
2015-10-20,4702000000.0
2015-10-19,4702000000.0
2015-10-16,4686000000.0
2015-10-15,4686000000.0
2015-10-14,4668000000.0
2015-10-13,4673000000.0
2015-10-12,4718000000.0
2015-10-09,4665000000.0
2015-10-08,4636000000.0
2015-10-07,4596000000.0
2015-10-06,4551000000.0
2015-10-05,4427000000.0
2015-10-02,4427000000.0
2015-10-01,4474000000.0
2015-09-30,4416000000.0
2015-09-29,4414000000.0
2015-09-28,4414000000.0
2015-09-25,4476000000.0
2015-09-24,4476000000.0
2015-09-23,4549000000.0
2015-09-22,4525000000.0
2015-09-21,4522000000.0
2015-09-18,4522000000.0
2015-09-17,4559000000.0
2015-09-16,4498000000.0
2015-09-15,4501000000.0
2015-09-14,4382000000.0
2015-09-11,4390000000.0
2015-09-10,4408000000.0
2015-09-09,4326000000.0
2015-09-08,4288999999.9999995
2015-09-04,4279000000.0
2015-09-03,4279000000.0
2015-09-02,4178000000.0
2015-09-01,4178000000.0
2015-08-31,4329000000.0
2015-08-28,4342000000.0
2015-08-27,4363000000.0
2015-08-26,4264999999.9999995
2015-08-25,4395000000.0
2015-08-24,4395000000.0
2015-08-21,4673000000.0
2015-08-20,4673000000.0
2015-08-19,4649000000.0
2015-08-18,4649000000.0
2015-08-17,4661000000.0
2015-08-14,4599000000.0
2015-08-13,4599000000.0
2015-08-12,4599000000.0
2015-08-11,4599000000.0
2015-08-10,4631000000.0
2015-08-07,4591000000.0
2015-08-06,4591000000.0
2015-08-05,4649000000.0
2015-08-04,4649000000.0
2015-08-03,4684000000.0
2015-07-31,4660000000.0
2015-07-30,4604000000.0
2015-07-29,4583000000.0
2015-07-28,4583000000.0
2015-07-27,4554000000.0
2015-07-24,4554000000.0
2015-07-23,4554000000.0
2015-07-22,4636000000.0
2015-07-21,4636000000.0
2015-07-20,4621000000.0
2015-07-17,4660000000.0
2015-07-16,4660000000.0
2015-07-15,4609000000.0
2015-07-14,4628000000.0
2015-07-13,4670000000.0
2015-07-10,4670000000.0
2015-07-09,4596000000.0
2015-07-08,4596000000.0
2015-07-07,4596000000.0
2015-07-06,4514000000.0
2015-07-02,4514000000.0
2015-07-01,4469000000.0
2015-06-30,4469000000.0
2015-06-29,4459000000.0
2015-06-26,4518000000.0
2015-06-25,4557000000.0
2015-06-24,4557000000.0
2015-06-23,4709000000.0
2015-06-22,4709000000.0
2015-06-19,4737000000.0
2015-06-18,4721000000.0
2015-06-17,4592000000.0
2015-06-16,4592000000.0
2015-06-15,4592000000.0
2015-06-12,4629000000.0
2015-06-11,4629000000.0
2015-06-10,4629000000.0
2015-06-09,4663000000.0
2015-06-08,4742000000.0
2015-06-05,4742000000.0
2015-06-04,4742000000.0
2015-06-03,4742000000.0
2015-06-02,4742000000.0
2015-06-01,4742000000.0
2015-05-29,4742000000.0
2015-05-28,4808000000.0
2015-05-27,4806000000.0
2015-05-26,4742000000.0
2015-05-22,4742000000.0
2015-05-21,4742000000.0
2015-05-20,4742000000.0
2015-05-19,4736000000.0
2015-05-18,4745000000.0
2015-05-15,4756000000.0
2015-05-14,4719000000.0
2015-05-13,4679000000.0
2015-05-12,4695000000.0
2015-05-11,4705000000.0
2015-05-08,4756000000.0
2015-05-07,4626000000.0
2015-05-06,4626000000.0
2015-05-05,4645000000.0
2015-05-04,4721000000.0
2015-05-01,4721000000.0
2015-04-30,4684000000.0
2015-04-29,4700000000.0
2015-04-28,4740000000.0
2015-04-27,4749000000.0
2015-04-24,4749000000.0
2015-04-23,4758000000.0
2015-04-22,4758000000.0
2015-04-21,4758000000.0
2015-04-20,4765000000.0
2015-04-17,4741000000.0
2015-04-16,4797000000.0
2015-04-15,4847000000.0
2015-04-14,4859000000.0
2015-04-13,4853000000.0
2015-04-10,4866000000.0
2015-04-09,4890000000.0
2015-04-08,4948000000.0
2015-04-07,4898000000.0
2015-04-06,4919000000.0
2015-04-02,4919000000.0
2015-04-01,4981000000.0
2015-03-31,4914000000.0
2015-03-30,4954000000.0
2015-03-27,4935000000.0
2015-03-26,4935000000.0
2015-03-25,4935000000.0
2015-03-24,4935000000.0
2015-03-23,4970000000.0
2015-03-20,4872000000.0
2015-03-19,4801000000.0
2015-03-18,4759000000.0
2015-03-17,4722000000.0
2015-03-16,4728000000.0
2015-03-13,4665000000.0
2015-03-12,4722000000.0
2015-03-11,4575000000.0
2015-03-10,4575000000.0
2015-03-09,4536000000.0
2015-03-06,4536000000.0
2015-03-05,4652000000.0
2015-03-04,4652000000.0
2015-03-03,4625000000.0
2015-03-02,4625000000.0
2015-02-27,4604000000.0
2015-02-26,4630000000.0
2015-02-25,4712000000.0
2015-02-24,4651000000.0
2015-02-23,4670000000.0
2015-02-20,4703000000.0
2015-02-19,4751000000.0
2015-02-18,4716000000.0
2015-02-17,4716000000.0
2015-02-13,4716000000.0
2015-02-12,4689000000.0
2015-02-11,4689000000.0
2015-02-10,4687000000.0
2015-02-09,4769000000.0
2015-02-06,4803000000.0
2015-02-05,4874000000.0
2015-02-04,4745000000.0
2015-02-03,4756000000.0
2015-02-02,4893000000.0
2015-01-30,4893000000.0
2015-01-29,4893000000.0
2015-01-28,4893000000.0
2015-01-27,4893000000.0
2015-01-26,4893000000.0
2015-01-23,4814000000.0
2015-01-22,4745000000.0
2015-01-21,4716000000.0
2015-01-20,4711000000.0
2015-01-16,4745000000.0
2015-01-15,4745000000.0
2015-01-14,4745000000.0
2015-01-13,4771000000.0
2015-01-12,4750000000.0
2015-01-09,4758000000.0
2015-01-08,4769000000.0
2015-01-07,4763000000.0
2015-01-06,4687000000.0
2015-01-05,4700000000.0
2015-01-02,4634000000.0
2014-12-31,4597000000.0
2014-12-30,4596000000.0
2014-12-29,4625000000.0
2014-12-26,4625000000.0
2014-12-24,4592000000.0
2014-12-23,4592000000.0
2014-12-22,4559000000.0
2014-12-19,4585000000.0
2014-12-18,4570000000.0
2014-12-17,4570000000.0
2014-12-16,4491000000.0
2014-12-15,4454000000.0
2014-12-12,4515000000.0
2014-12-11,4428000000.0
2014-12-10,4428000000.0
2014-12-09,4428000000.0
2014-12-08,4415000000.0
2014-12-05,4350000000.0
2014-12-04,4350000000.0
2014-12-03,4350000000.0
2014-12-02,4350000000.0
2014-12-01,4373000000.0
2014-11-28,4339000000.0
2014-11-26,4329000000.0
2014-11-25,4282000000.0
2014-11-24,4282000000.0
2014-11-21,4279000000.0
2014-11-20,4229000000.0
2014-11-19,4198000000.0000005
2014-11-18,4195000000.0000005
2014-11-17,4159000000.0
2014-11-14,4168999999.9999995
2014-11-13,4127000000.0
2014-11-12,4104000000.0
2014-11-11,4131999999.9999995
2014-11-10,4096000000.0
2014-11-07,4096000000.0
2014-11-06,4130000000.0
2014-11-05,4123999999.9999995
2014-11-04,4165000000.0
2014-11-03,4173000000.0
2014-10-31,4155000000.0000005
2014-10-30,4131000000.0
2014-10-29,4110000000.0000005
2014-10-28,4136000000.0
2014-10-27,4067000000.0
2014-10-24,4070000000.0000005
2014-10-23,4102000000.0000005
2014-10-22,4176000000.0
2014-10-21,4059000000.0
2014-10-20,3988000000.0
2014-10-17,3903000000.0
2014-10-16,3903000000.0
2014-10-15,3903000000.0
2014-10-14,3935000000.0
2014-10-13,3925000000.0
2014-10-10,3901000000.0
2014-10-09,3909000000.0
2014-10-08,3901000000.0
2014-10-07,3930000000.0
2014-10-06,3930000000.0
2014-10-03,3985000000.0
2014-10-02,3985000000.0
2014-10-01,3985000000.0
2014-09-30,3985000000.0
2014-09-29,3670000000.0
2014-09-26,3670000000.0
2014-09-25,3670000000.0
2014-09-24,3682000000.0
2014-09-23,3682000000.0
2014-09-22,3662000000.0
2014-09-19,3786000000.0
2014-09-18,3774000000.0
2014-09-17,3774000000.0
2014-09-16,3731000000.0
2014-09-15,3760000000.0
2014-09-12,3855000000.0
2014-09-11,3855000000.0
2014-09-10,3896000000.0
2014-09-09,3962000000.0
2014-09-08,3962000000.0
2014-09-05,3945000000.0
2014-09-04,3942000000.0
2014-09-03,3957000000.0
2014-09-02,3957000000.0
2014-08-29,3920000000.0
2014-08-28,3916000000.0
2014-08-27,3933000000.0
2014-08-26,3946000000.0
2014-08-25,3957000000.0
2014-08-22,3969000000.0
2014-08-21,3969000000.0
2014-08-20,3945000000.0
2014-08-19,3920000000.0
2014-08-18,3950000000.0
2014-08-15,3774000000.0
2014-08-14,3774000000.0
2014-08-13,3774000000.0
2014-08-12,3774000000.0
2014-08-11,3774000000.0
2014-08-08,3774000000.0
2014-08-07,3774000000.0
2014-08-06,3774000000.0
2014-08-05,3860000000.0
2014-08-04,3908000000.0
2014-08-01,3872000000.0
2014-07-31,3852000000.0
2014-07-30,3847000000.0
2014-07-29,3872000000.0
2014-07-28,3847000000.0
2014-07-25,3872000000.0
2014-07-24,3872000000.0
2014-07-23,3860000000.0
2014-07-22,3847000000.0
2014-07-21,3828000000.0
2014-07-18,3833000000.0
2014-07-17,3838000000.0
2014-07-16,3835000000.0
2014-07-15,3847000000.0
2014-07-14,3835000000.0
2014-07-11,3835000000.0
2014-07-10,3855000000.0
2014-07-09,3896000000.0
2014-07-08,3884000000.0
2014-07-07,3858000000.0
2014-07-03,3858000000.0
2014-07-02,3830000000.0
2014-07-01,3872000000.0
2014-06-30,3811000000.0
2014-06-27,3883000000.0
2014-06-26,3788000000.0
2014-06-25,3810000000.0
2014-06-24,3878000000.0
2014-06-23,3880000000.0
2014-06-20,3829000000.0
2014-06-19,3834000000.0
2014-06-18,3783000000.0
2014-06-17,3771000000.0
2014-06-16,3761000000.0
2014-06-13,3761000000.0
2014-06-12,3761000000.0
2014-06-11,3914000000.0
2014-06-10,3914000000.0
2014-06-09,3932000000.0
2014-06-06,3934000000.0
2014-06-05,3895000000.0
2014-06-04,3822000000.0
2014-06-03,3841000000.0
2014-06-02,3751000000.0
2014-05-30,3712000000.0
2014-05-29,3839000000.0
2014-05-28,3805000000.0
2014-05-27,3793000000.0
2014-05-23,3793000000.0
2014-05-22,3793000000.0
2014-05-21,3798000000.0
2014-05-20,3827000000.0
2014-05-19,3827000000.0
2014-05-16,3822000000.0
2014-05-15,3834000000.0
2014-05-14,3822000000.0
2014-05-13,3810000000.0
2014-05-12,3729000000.0
2014-05-09,3662000000.0
2014-05-08,3615000000.0
2014-05-07,3505000000.0
2014-05-06,3410000000.0
2014-05-05,3408000000.0
2014-05-02,3408000000.0
2014-05-01,3408000000.0
2014-04-30,3408000000.0
2014-04-29,3386000000.0
2014-04-28,3384000000.0
2014-04-25,3381000000.0
2014-04-24,3230000000.0
2014-04-23,3238000000.0
2014-04-22,3167000000.0
2014-04-21,3152000000.0
2014-04-17,3177000000.0
2014-04-16,3177000000.0
2014-04-15,3165000000.0
2014-04-14,3130000000.0
2014-04-11,3201000000.0
2014-04-10,3189000000.0
2014-04-09,3355000000.0
2014-04-08,3369000000.0
2014-04-07,3369000000.0
2014-04-04,3432000000.0
2014-04-03,3432000000.0
2014-04-02,3432000000.0
2014-04-01,3435000000.0
2014-03-31,3396000000.0
2014-03-28,910690000.0
2014-03-27,910690000.0
2014-03-26,913960000.0
2014-03-25,908730000.0
2014-03-24,908730000.0
2014-03-21,913960000.0
2014-03-20,3390000000.0
2014-03-19,3390000000.0
2014-03-18,3390000000.0
2014-03-17,3390000000.0
2014-03-14,3543000000.0
2014-03-13,3543000000.0
2014-03-12,3543000000.0
2014-03-11,3565000000.0
2014-03-10,3565000000.0
2014-03-07,3565000000.0
2014-03-06,3565000000.0
2014-03-05,3565000000.0
2014-03-04,3565000000.0
2014-03-03,3565000000.0
2014-02-28,3565000000.0
2014-02-27,3427000000.0
2014-02-26,3427000000.0
2014-02-25,3427000000.0
2014-02-24,3378000000.0
2014-02-21,3378000000.0
2014-02-20,3378000000.0
2014-02-19,3451000000.0
2014-02-18,3451000000.0
2014-02-14,3451000000.0
2014-02-13,3451000000.0
2014-02-12,3451000000.0
2014-02-11,3451000000.0
2014-02-10,3451000000.0
2014-02-07,3264000000.0
2014-02-06,3264000000.0
2014-02-05,3429000000.0
2014-02-04,3429000000.0
2014-02-03,3429000000.0
2014-01-31,3429000000.0
2014-01-30,3429000000.0
2014-01-29,3429000000.0
2014-01-28,3429000000.0
2014-01-27,3429000000.0
2014-01-24,3429000000.0
2014-01-23,3429000000.0
2014-01-22,3429000000.0
2014-01-21,3429000000.0
2014-01-17,3373000000.0
2014-01-16,3402000000.0
2014-01-15,3458000000.0
2014-01-14,3458000000.0
2014-01-13,3458000000.0
2014-01-10,3458000000.0
2014-01-09,3572000000.0
2014-01-08,3572000000.0
2014-01-07,3572000000.0
2014-01-06,3572000000.0
2014-01-03,3572000000.0
2014-01-02,3572000000.0
2013-12-31,3572000000.0
